"variable","construct","role","source","calculation","scale_units","direction","missing_data_rule","status","analysis_priority","major_caveat"
"study_id","identifier","key","deidentified workbook","Sequential stable study identifier","integer","none","required","working","primary","Private participant key"
"demo_yrs","demographics","covariate","deidentified workbook","Imported age in years","years","higher older","source missing retained","working","primary","Self-report"
"demo_gender","demographics","covariate","deidentified workbook","Imported gender category","category","none","source missing retained","working","primary","Category coding requires analyst review"
"demo_sab","demographics","covariate","deidentified workbook","Imported sex assigned at birth","category","none","source missing retained","working","primary","Self-report"
"demo_race","demographics","covariate","deidentified workbook","Imported race category","category","none","source missing retained","working","primary","Collapsed source categories"
"demo_eth","demographics","covariate","deidentified workbook","Imported ethnicity category","category","none","source missing retained","working","primary","Self-report"
"demo_quota","demographics","descriptor","deidentified workbook","Imported sampling quota","category","none","source missing retained","working","diagnostic","Study-specific field"
"region","geography","descriptor","deidentified workbook","Imported broad region","category","none","source missing retained","working","diagnostic","Not a precise geocode"
"demo_zip_prim_yr","geography","linkage input","deidentified workbook","Normalized current five-digit ZIP","ZIP code","none","invalid ZIP set missing","working","primary","Private participant geography"
"ses_edu","socioeconomic status","covariate","deidentified workbook","Imported education category","category","higher generally more education","source missing retained","working","primary","Ordinal interpretation requires review"
"ses_yoe","socioeconomic status","covariate","deidentified workbook","Imported years of education","years","higher more education","source missing retained","working","primary","Self-report"
"ses_thi","socioeconomic status","covariate","deidentified workbook","Imported household income category","category","higher generally more income","source missing retained","working","primary","Ordinal bands"
"ses_tpi","socioeconomic status","descriptor","deidentified workbook","Imported personal income category","category","higher generally more income","source missing retained","working","diagnostic","Ordinal bands"
"ses_rentown","socioeconomic status","descriptor","deidentified workbook","Imported housing tenure","category","none","source missing retained","working","diagnostic","Self-report"
"ses_hhr","socioeconomic status","descriptor","deidentified workbook","Imported household residents","people","higher larger household","source missing retained","working","diagnostic","Self-report"
"fevs_total","financial vulnerability","outcome","deidentified workbook","Complete sum of FEVS items","0-18","higher greater vulnerability","complete-item scoring","working","primary","Independent scientific validation pending"
"ecog_total","everyday cognition","outcome","deidentified workbook","Available-item mean per documented rule","1-4","higher greater perceived decline","requires documented answered-item threshold","working","primary","Eight participants unscored"
"ecog_items_answered","everyday cognition","quality indicator","deidentified workbook","Count of answered eCog items","count","higher more complete","no imputation","working","diagnostic","Not an outcome"
"susd_depression","depressive symptoms","outcome","deidentified workbook","Complete sum of depression items","0-21","higher more symptoms","complete-item scoring","working","primary","Scale interpretation pending analyst review"
"susd_mania","mania symptoms","outcome","deidentified workbook","Complete sum of mania items","0-21","higher more symptoms","complete-item scoring","working","primary","Scale interpretation pending analyst review"
"uclal_total","loneliness","outcome","deidentified workbook","Complete sum of three loneliness items","3-9","higher more loneliness","complete-item scoring","working","primary","Short form"
"mspss_total","social support","outcome","deidentified workbook","Mean of all MSPSS items","1-7","higher more support","complete-item scoring","working","primary","Self-report"
"mspss_significant_other","social support","subscale","deidentified workbook","Mean of significant-other items","1-7","higher more support","complete-item scoring","working","secondary","Subscale"
"mspss_family","social support","subscale","deidentified workbook","Mean of family items","1-7","higher more support","complete-item scoring","working","secondary","Subscale"
"mspss_friends","social support","subscale","deidentified workbook","Mean of friends items","1-7","higher more support","complete-item scoring","working","secondary","Subscale"
"ntb_total","need to belong","outcome","deidentified workbook","Complete sum after documented reversals","10-50","higher greater need to belong","complete-item scoring","working","primary","Independent scientific validation pending"
"ntb_mean","need to belong","alternate outcome","deidentified workbook","Item mean corresponding to ntb_total","1-5","higher greater need to belong","complete-item scoring","working","secondary","Redundant with total"
"oafem_weighted_total","older-adult financial exploitation","outcome","deidentified workbook","Weighted 30-item OAFEM sum","0-124","higher greater exploitation exposure","requires all 30 ratings","working","primary","Seven participants unscored"
"oafem_unweighted_complete","older-adult financial exploitation","alternate outcome","deidentified workbook","Count of affirmative complete items","0-30","higher more endorsed events","requires all 30 ratings","working","secondary","Ignores severity weights"
"oafem_items_rated","older-adult financial exploitation","quality indicator","deidentified workbook","Count of rated OAFEM items","0-30","higher more complete","no imputation","working","diagnostic","Not an outcome"
"ctb_mean","temporal discounting","outcome","deidentified workbook","Mean of 24 coded choices","1-6","higher more delayed-reward choice","requires documented valid trials","working","primary","Direction should be independently confirmed"
"ctb_today_5wk","temporal discounting","subscale","deidentified workbook","Mean of today versus 5-week trials","1-6","higher more delayed-reward choice","documented trial rule","working","secondary","Choice coding"
"ctb_today_9wk","temporal discounting","subscale","deidentified workbook","Mean of today versus 9-week trials","1-6","higher more delayed-reward choice","documented trial rule","working","secondary","Choice coding"
"ctb_5wk_10wk","temporal discounting","subscale","deidentified workbook","Mean of 5-week versus 10-week trials","1-6","higher more delayed-reward choice","documented trial rule","working","secondary","Choice coding"
"ctb_5wk_14wk","temporal discounting","subscale","deidentified workbook","Mean of 5-week versus 14-week trials","1-6","higher more delayed-reward choice","documented trial rule","working","secondary","Choice coding"
"ctb_trials_answered","temporal discounting","quality indicator","deidentified workbook","Count of valid CTB trials","0-24","higher more complete","no imputation","working","diagnostic","Not an outcome"
"promis_physical_function_raw","PROMIS-29","raw score","deidentified workbook","Four-item domain sum after documented reversal","4-20","higher better physical function","complete domain required","working","diagnostic","T-score preferred"
"promis_anxiety_raw","PROMIS-29","raw score","deidentified workbook","Four-item domain sum","4-20","higher worse anxiety","complete domain required","working","diagnostic","T-score preferred"
"promis_depression_raw","PROMIS-29","raw score","deidentified workbook","Four-item domain sum","4-20","higher worse depression","complete domain required","working","diagnostic","T-score preferred"
"promis_fatigue_raw","PROMIS-29","raw score","deidentified workbook","Four-item domain sum","4-20","higher worse fatigue","complete domain required","working","diagnostic","T-score preferred"
"promis_sleep_disturbance_raw","PROMIS-29","raw score","deidentified workbook","Four-item domain sum","4-20","higher worse sleep disturbance","complete domain required","working","diagnostic","T-score preferred"
"promis_social_roles_raw","PROMIS-29","raw score","deidentified workbook","Four-item domain sum after documented reversal","4-20","higher better social-role ability","complete domain required","working","diagnostic","T-score preferred"
"promis_pain_interference_raw","PROMIS-29","raw score","deidentified workbook","Four-item domain sum","4-20","higher worse pain interference","complete domain required","working","diagnostic","T-score preferred"
"promis_physical_function_t","PROMIS-29","outcome","deidentified workbook","Official v2.0 raw-to-T lookup","T score","higher better physical function","complete domain required","working","primary","Reference population metric"
"promis_anxiety_t","PROMIS-29","outcome","deidentified workbook","Official v2.0 raw-to-T lookup","T score","higher worse anxiety","complete domain required","working","primary","Reference population metric"
"promis_depression_t","PROMIS-29","outcome","deidentified workbook","Official v2.0 raw-to-T lookup","T score","higher worse depression","complete domain required","working","primary","Reference population metric"
"promis_fatigue_t","PROMIS-29","outcome","deidentified workbook","Official v2.0 raw-to-T lookup","T score","higher worse fatigue","complete domain required","working","primary","Reference population metric"
"promis_sleep_disturbance_t","PROMIS-29","outcome","deidentified workbook","Official v2.0 raw-to-T lookup","T score","higher worse sleep disturbance","complete domain required","working","primary","Reference population metric"
"promis_social_roles_t","PROMIS-29","outcome","deidentified workbook","Official v2.0 raw-to-T lookup","T score","higher better social-role ability","complete domain required","working","primary","Reference population metric"
"promis_pain_interference_t","PROMIS-29","outcome","deidentified workbook","Official v2.0 raw-to-T lookup","T score","higher worse pain interference","complete domain required","working","primary","Reference population metric"
"promis_pain_intensity","PROMIS-29","outcome","deidentified workbook","Single pain-intensity item","0-10","higher worse pain","source missing retained","working","primary","Single item"
"fraud_lifetime_band","fraud","outcome","deidentified workbook","Ordered lifetime loss band","0-5","higher larger reported loss","source missing retained","working","primary","Banded self-report"
"fraud_lifetime_any","fraud","binary outcome","deidentified workbook","Any lifetime fraud indicator","0/1","1 indicates any fraud","source missing retained","working","primary","Collapses severity"
"fraud_12mo_band","fraud","outcome","deidentified workbook","Ordered past-12-month loss band","0-5","higher larger reported loss","source missing retained","working","primary","Banded self-report"
"fraud_12mo_any","fraud","binary outcome","deidentified workbook","Any past-12-month fraud indicator","0/1","1 indicates any fraud","source missing retained","working","primary","Collapses severity"
"sdi_zcta","social deprivation","exposure","Robert Graham Center SDI","Linked by current ZIP to ZCTA","0-100","higher greater deprivation","unmatched geography missing","working","primary","Current ZIP proxy"
"pm25_2012_2022_zcta","air pollution","exposure","ACAG V5.NA.05","Latitude-corrected area-weighted mean across 2012-2022","µg/m3","higher greater PM2.5","unmatched geometry missing","working","primary","Not population weighted"
"pm25_recent_mean","air pollution","secondary exposure","ACAG V5.NA.05","Latitude-corrected area-weighted mean across 2018-2022","µg/m3","higher greater PM2.5","unmatched geometry missing","working","secondary","Planned trajectory analysis not run"
"pm25_variability","air pollution","secondary exposure","ACAG V5.NA.05","Standard deviation of annual 2012-2022 means","µg/m3","higher more annual variability","requires linked annual values","working","secondary","Not a trend slope"
"pm25_years_available","air pollution","quality indicator","ACAG V5.NA.05","Count of annual values","years","higher more complete","no imputation","working","diagnostic","Not an exposure effect"
"ec_zip","social capital","exposure","Social Capital Atlas","ZIP economic connectedness estimate","index","higher more connectedness","unmatched ZIP missing","working","primary","Current ZIP proxy"
"exposure_grp_mem_zip","social capital","exposure","Social Capital Atlas","ZIP high-SES exposure estimate","index","higher more exposure","unmatched ZIP missing","working","primary","Current ZIP proxy"
"socialcap_economic_connectedness","social capital","analysis alias","Social Capital Atlas","Alias of ec_zip","index","higher more connectedness","unmatched ZIP missing","working","secondary","Same construct as ec_zip"
"socialcap_high_ses_exposure","social capital","analysis alias","Social Capital Atlas","Alias of exposure_grp_mem_zip","index","higher more exposure","unmatched ZIP missing","working","secondary","Same construct as exposure_grp_mem_zip"
"socialcap_friending_bias","social capital","exposure","Social Capital Atlas","ZIP friending-bias estimate","index","higher more bias","unmatched ZIP missing","working","primary","Direction interpretation requires care"
"socialcap_cohesiveness","social capital","exposure","Social Capital Atlas","ZIP clustering/cohesiveness estimate","index","higher more cohesiveness","unmatched ZIP missing","working","primary","Current ZIP proxy"
"socialcap_support_ratio","social capital","exposure","Social Capital Atlas","ZIP support-ratio estimate","index","higher more support","unmatched ZIP missing","working","primary","Current ZIP proxy"
"socialcap_volunteering","social capital","exposure","Social Capital Atlas","ZIP volunteering-rate estimate","rate","higher more volunteering","unmatched ZIP missing","working","primary","Ecological measure"
"socialcap_civic_organizations","social capital","exposure","Social Capital Atlas","ZIP civic-organization estimate","index","higher more organizations","unmatched ZIP missing","working","primary","Ecological measure"
"gini_zcta","income inequality","exposure","ACS 2024 five-year B19083","Linked ZCTA Gini coefficient","0-1","higher more inequality","unmatched ZCTA missing","working","primary","Period estimate"
"gini","income inequality","analysis alias","ACS 2024 five-year B19083","Alias of gini_zcta","0-1","higher more inequality","unmatched ZCTA missing","working","secondary","Same construct as gini_zcta"
"ruca_primary","rurality","exposure","USDA ERS 2020 RUCA","Primary RUCA code linked by ZIP","1-10","higher more rural","unmatched ZIP missing","working","primary","ZIP approximation"
"ruca_category","rurality","descriptor","USDA ERS 2020 RUCA","Grouped RUCA category","category","more rural across documented groups","unmatched ZIP missing","working","diagnostic","Collapsed categories"
"z_sdi","social deprivation","standardized exposure","pipeline","Sample z score of sdi_zcta","SD","higher greater deprivation","requires nonmissing source","working","primary","Sample dependent"
"z_pm25","air pollution","standardized exposure","pipeline","Sample z score of pm25_2012_2022_zcta","SD","higher greater PM2.5","requires nonmissing source","working","primary","Sample dependent"
"z_pm25_recent","air pollution","standardized exposure","pipeline","Sample z score of pm25_recent_mean","SD","higher greater recent PM2.5","requires nonmissing source","working","primary","Sample dependent"
"z_pm25_variability","air pollution","standardized exposure","pipeline","Sample z score of pm25_variability","SD","higher more variability","requires nonmissing source","working","primary","Sample dependent"
"z_gini","income inequality","standardized exposure","pipeline","Sample z score of gini_zcta","SD","higher more inequality","requires nonmissing source","working","primary","Sample dependent"
"z_economic_connectedness","social capital","standardized exposure","pipeline","Sample z score of economic connectedness","SD","higher more connectedness","requires nonmissing source","working","primary","Sample dependent"
"z_high_ses_exposure","social capital","standardized exposure","pipeline","Sample z score of high-SES exposure","SD","higher more exposure","requires nonmissing source","working","primary","Sample dependent"
"z_friending_bias","social capital","standardized exposure","pipeline","Sample z score of friending bias","SD","higher more bias","requires nonmissing source","working","primary","Sample dependent"
"z_cohesiveness","social capital","standardized exposure","pipeline","Sample z score of cohesiveness","SD","higher more cohesiveness","requires nonmissing source","working","primary","Sample dependent"
"z_support_ratio","social capital","standardized exposure","pipeline","Sample z score of support ratio","SD","higher more support","requires nonmissing source","working","primary","Sample dependent"
"z_volunteering","social capital","standardized exposure","pipeline","Sample z score of volunteering","SD","higher more volunteering","requires nonmissing source","working","primary","Sample dependent"
"z_civic_organizations","social capital","standardized exposure","pipeline","Sample z score of civic organizations","SD","higher more organizations","requires nonmissing source","working","primary","Sample dependent"
"z_ruca","rurality","standardized exposure","pipeline","Sample z score of primary RUCA","SD","higher more rural","requires nonmissing source","working","primary","Ordinal code treated numerically"
"risk_low_social_capital","social capital","aligned risk component","pipeline","Negative z economic connectedness","SD","higher lower connectedness","requires nonmissing source","working","primary","Exploratory alignment"
"env_burden_components_available","environmental burden","quality indicator","pipeline","Count of available aligned components","0-4","higher more complete","no imputation","working","diagnostic","Not an exposure effect"
"env_burden_simple","environmental burden","exploratory exposure","pipeline","Mean of at least three aligned z scores","SD-like","higher greater burden","requires at least 3 components","exploratory","exploratory","Not a validated index"
"geo_f","geography","model factor","pipeline","Factorized broad region","category","none","source missing retained","working","primary","Broad region only"
"oafem_adult_total","older-adult financial exploitation","historical alias","pipeline","Alias of oafem_weighted_total","0-124","higher greater exploitation exposure","same as OAFEM weighted","working","secondary","Retained for historical formulas"
